"SNP","effect_allele.exposure","other_allele.exposure","effect_allele.outcome","other_allele.outcome","beta.exposure","beta.outcome","eaf.exposure","eaf.outcome","remove","palindromic","ambiguous","id.outcome","chr","pos","se.outcome","samplesize.outcome","pval.outcome","outcome","originalname.outcome","outcome.deprecated","mr_keep.outcome","data_source.outcome","se.exposure","pval.exposure","exposure","id.exposure","samplesize.exposure","f_statistic","action","SNP_index","mr_keep","r.exposure","r.outcome"
"rs113949251","A","G","A","G",0.154073,-0.050819,0.0329612,0.031809,FALSE,FALSE,FALSE,"ebi-a-GCST90091033","22","25156493",0.0554367,778614,0.3593,"Nonalcoholic fatty liver disease || id:ebi-a-GCST90091033","Nonalcoholic fatty liver disease","Nonalcoholic fatty liver disease ||  || ",TRUE,"igd",0.0195639,3.3970348320338e-15,"GGT1","GGT1",33627,62.0214919712876,2,1,TRUE,0.0147209078585331,-0.00496338573956583
"rs13056495","T","C","T","C",0.0637768,0.0050425,0.147525,0.130219,FALSE,FALSE,FALSE,"ebi-a-GCST90091033","22","24774418",0.0242536,778614,0.8353,"Nonalcoholic fatty liver disease || id:ebi-a-GCST90091033","Nonalcoholic fatty liver disease","Nonalcoholic fatty liver disease ||  || ",TRUE,"igd",0.00983274,8.80440476164674e-11,"GGT1","GGT1",33627,42.0703706534792,2,1,TRUE,0.0123553805597075,0.000934919686421182
"rs131464","T","C","T","C",-0.109558,-0.0007162,0.253922,0.272366,FALSE,FALSE,FALSE,"ebi-a-GCST90091033","22","25064809",0.019326,778614,0.9704,"Nonalcoholic fatty liver disease || id:ebi-a-GCST90091033","Nonalcoholic fatty liver disease","Nonalcoholic fatty liver disease ||  || ",TRUE,"igd",0.00837201,3.94729877659785e-39,"GGT1","GGT1",33627,171.24926423582,2,1,TRUE,-0.0265581780824001,-0.00017579492421702
"rs138192856","T","C","T","C",0.0904205,-0.059924,0.0734823,0.058648,FALSE,FALSE,FALSE,"ebi-a-GCST90091033","22","25034617",0.036879,778614,0.1042,"Nonalcoholic fatty liver disease || id:ebi-a-GCST90091033","Nonalcoholic fatty liver disease","Nonalcoholic fatty liver disease ||  || ",TRUE,"igd",0.0140839,1.36163278599323e-10,"GGT1","GGT1",33627,41.2180975643231,2,1,TRUE,0.0128038073629546,-0.00784403631459947
"rs138509389","G","C","G","C",0.153,-0.0051253,0.0195085,0.017893,FALSE,TRUE,FALSE,"ebi-a-GCST90091033","22","24961084",0.0567297,778614,0.928,"Nonalcoholic fatty liver disease || id:ebi-a-GCST90091033","Nonalcoholic fatty liver disease","Nonalcoholic fatty liver disease ||  || ",TRUE,"igd",0.0258164,3.09520914594906e-09,"GGT1","GGT1",33627,35.1229915164043,2,1,TRUE,0.0113175881509802,-0.000374955296104186
"rs139608","G","A","G","A",0.0597379,0.0164002,0.657733,0.632207,FALSE,FALSE,FALSE,"ebi-a-GCST90091033","22","25190479",0.0171919,778614,0.3401,"Nonalcoholic fatty liver disease || id:ebi-a-GCST90091033","Nonalcoholic fatty liver disease","Nonalcoholic fatty liver disease ||  || ",TRUE,"igd",0.00736082,4.83170043246061e-16,"GGT1","GGT1",33627,65.8639098015536,2,1,TRUE,0.0156825794084649,0.0043637643273761
"rs148246158","T","G","T","G",-0.461891,-0.0602367,0.0309952,0.031809,FALSE,FALSE,FALSE,"ebi-a-GCST90091033","22","25037371",0.0476936,778614,0.2066,"Nonalcoholic fatty liver disease || id:ebi-a-GCST90091033","Nonalcoholic fatty liver disease","Nonalcoholic fatty liver disease ||  || ",TRUE,"igd",0.0211667,1.44877185354477e-105,"GGT1","GGT1",33627,476.181688986741,2,1,TRUE,-0.0476735363697129,-0.00589332071516417
"rs17572606","T","C","T","C",0.168666,0.0178675,0.0170834,0.010934,FALSE,FALSE,FALSE,"ebi-a-GCST90091033","22","24868172",0.0795985,778614,0.8224,"Nonalcoholic fatty liver disease || id:ebi-a-GCST90091033","Nonalcoholic fatty liver disease","Nonalcoholic fatty liver disease ||  || ",TRUE,"igd",0.0275804,9.63030407265364e-10,"GGT1","GGT1",33627,37.3984816139296,2,1,TRUE,0.0116503219831301,0.00102082956675795
"rs186765281","G","A","G","A",-0.426417,-0.0429696,0.0156868,0.013917,FALSE,FALSE,FALSE,"ebi-a-GCST90091033","22","25010855",0.0707798,778614,0.5438,"Nonalcoholic fatty liver disease || id:ebi-a-GCST90091033","Nonalcoholic fatty liver disease","Nonalcoholic fatty liver disease ||  || ",TRUE,"igd",0.028051,3.45620902570128e-52,"GGT1","GGT1",33627,231.085302566325,2,1,TRUE,-0.0314809796236302,-0.00279831730680407
"rs1892723","T","C","T","C",0.105577,0.0439423,0.905552,0.899602,FALSE,FALSE,FALSE,"ebi-a-GCST90091033","22","25145453",0.0260204,778614,0.0912704,"Nonalcoholic fatty liver disease || id:ebi-a-GCST90091033","Nonalcoholic fatty liver disease","Nonalcoholic fatty liver disease ||  || ",TRUE,"igd",0.0118719,5.94702822917262e-19,"GGT1","GGT1",33627,79.0857385945002,2,1,TRUE,0.0173079139906672,0.00733149414911371
"rs1984310","A","G","A","G",0.196647,0.0669464,0.0468797,0.048708,FALSE,FALSE,FALSE,"ebi-a-GCST90091033","22","24937678",0.0351158,778614,0.05659,"Nonalcoholic fatty liver disease || id:ebi-a-GCST90091033","Nonalcoholic fatty liver disease","Nonalcoholic fatty liver disease ||  || ",TRUE,"igd",0.0165663,1.68810711370492e-32,"GGT1","GGT1",33627,140.904092467876,2,1,TRUE,0.0220791293754863,0.00784808089457515
"rs28509371","C","T","C","T",0.254153,0.0391676,0.337426,0.369781,FALSE,FALSE,FALSE,"ebi-a-GCST90091033","22","24997846",0.0169045,778614,0.0204998,"Nonalcoholic fatty liver disease || id:ebi-a-GCST90091033","Nonalcoholic fatty liver disease","Nonalcoholic fatty liver disease ||  || ",TRUE,"igd",0.00732924,1.77418948089026e-263,"GGT1","GGT1",33627,1202.46541624968,2,1,TRUE,0.0649368546836929,0.0104023629750572
"rs56394892","A","G","A","G",-0.191116,-0.0988338,0.0159681,0.022863,FALSE,FALSE,FALSE,"ebi-a-GCST90091033","22","25251816",0.0570708,778614,0.0833105,"Nonalcoholic fatty liver disease || id:ebi-a-GCST90091033","Nonalcoholic fatty liver disease","Nonalcoholic fatty liver disease ||  || ",TRUE,"igd",0.0294373,8.45473500216749e-11,"GGT1","GGT1",33627,42.1500550999611,2,1,TRUE,-0.0136848183698802,-0.00829610082734297
"rs5751959","G","A","G","A",0.0465685,0.0281569,0.657183,0.61332,FALSE,FALSE,FALSE,"ebi-a-GCST90091033","22","25123669",0.0172523,778614,0.1027,"Nonalcoholic fatty liver disease || id:ebi-a-GCST90091033","Nonalcoholic fatty liver disease","Nonalcoholic fatty liver disease ||  || ",TRUE,"igd",0.00738446,2.85811697949098e-10,"GGT1","GGT1",33627,39.7692145638186,2,1,TRUE,0.0122206921917346,0.00756919381386303
"rs5760580","C","A","C","A",-0.0777248,-0.0233093,0.804277,0.789264,FALSE,FALSE,FALSE,"ebi-a-GCST90091033","22","25083148",0.0203761,778614,0.2526,"Nonalcoholic fatty liver disease || id:ebi-a-GCST90091033","Nonalcoholic fatty liver disease","Nonalcoholic fatty liver disease ||  || ",TRUE,"igd",0.00893889,3.46417641035249e-18,"GGT1","GGT1",33627,75.6052650839279,2,1,TRUE,-0.0168365145624296,-0.00522681328532422
"rs60136931","C","G","C","G",-0.205625,0.0089344,0.0239781,0.020875,FALSE,TRUE,FALSE,"ebi-a-GCST90091033","22","24932041",0.0617926,778614,0.885,"Nonalcoholic fatty liver disease || id:ebi-a-GCST90091033","Nonalcoholic fatty liver disease","Nonalcoholic fatty liver disease ||  || ",TRUE,"igd",0.0233335,1.22461619926505e-18,"GGT1","GGT1",33627,77.6590468310831,2,1,TRUE,-0.018002852663731,0.000703011806138307
"rs7291042","T","C","T","C",0.0625679,0.0173914,0.310762,0.333002,FALSE,FALSE,FALSE,"ebi-a-GCST90091033","22","25220606",0.0172567,778614,0.3135,"Nonalcoholic fatty liver disease || id:ebi-a-GCST90091033","Nonalcoholic fatty liver disease","Nonalcoholic fatty liver disease ||  || ",TRUE,"igd",0.00755279,1.19014533870385e-16,"GGT1","GGT1",33627,68.6259450687072,2,1,TRUE,0.0158858440067739,0.00451355881180683
"rs78093638","A","G","A","G",-0.0895389,-0.0327901,0.0548208,0.072565,FALSE,FALSE,FALSE,"ebi-a-GCST90091033","22","25099392",0.034662,778614,0.3441,"Nonalcoholic fatty liver disease || id:ebi-a-GCST90091033","Nonalcoholic fatty liver disease","Nonalcoholic fatty liver disease ||  || ",TRUE,"igd",0.0157885,1.41837151241384e-08,"GGT1","GGT1",33627,32.1619051278702,2,1,TRUE,-0.0114135968634171,-0.00471598434395706
"rs79840307","A","C","A","C",0.0941038,-0.0085979,0.0458638,0.044732,FALSE,FALSE,FALSE,"ebi-a-GCST90091033","22","25247309",0.0400591,778614,0.8301,"Nonalcoholic fatty liver disease || id:ebi-a-GCST90091033","Nonalcoholic fatty liver disease","Nonalcoholic fatty liver disease ||  || ",TRUE,"igd",0.0171649,4.19710660233841e-08,"GGT1","GGT1",33627,30.0560404630689,2,1,TRUE,0.0106652459279359,-0.000981416068789736
"rs9612662","T","A","T","A",-0.0638685,-0.0146529,0.281129,0.291252,FALSE,TRUE,FALSE,"ebi-a-GCST90091033","22","24982522",0.0184083,778614,0.426,"Nonalcoholic fatty liver disease || id:ebi-a-GCST90091033","Nonalcoholic fatty liver disease","Nonalcoholic fatty liver disease ||  || ",TRUE,"igd",0.0081889,6.22013771274485e-15,"GGT1","GGT1",33627,60.8306276735583,2,1,TRUE,-0.0159150160019327,-0.00367486154094359
"rs9624565","T","C","T","C",0.111151,0.0284816,0.141709,0.137177,FALSE,FALSE,FALSE,"ebi-a-GCST90091033","22","25101796",0.0222026,778614,0.1996,"Nonalcoholic fatty liver disease || id:ebi-a-GCST90091033","Nonalcoholic fatty liver disease","Nonalcoholic fatty liver disease ||  || ",TRUE,"igd",0.0100765,2.71769052344228e-28,"GGT1","GGT1",33627,121.676674073517,2,1,TRUE,0.0210215263107787,0.00537978001530227
