"SNP","effect_allele.exposure","other_allele.exposure","effect_allele.outcome","other_allele.outcome","beta.exposure","beta.outcome","eaf.exposure","eaf.outcome","remove","palindromic","ambiguous","id.outcome","chr","pos","se.outcome","samplesize.outcome","pval.outcome","outcome","originalname.outcome","outcome.deprecated","mr_keep.outcome","data_source.outcome","proxy.outcome","target_snp.outcome","proxy_snp.outcome","target_a1.outcome","target_a2.outcome","proxy_a1.outcome","proxy_a2.outcome","id.exposure","chr.exposure","pos.exposure","se.exposure","pval.exposure","samplesize.exposure","exposure","mr_keep.exposure","pval_origin.exposure","data_source.exposure","f_statistic","action","SNP_index","mr_keep","r.exposure","r.outcome"
"rs10006715","C","G","C","G",-0.0854935,-0.0180059,0.280632,0.307157,FALSE,TRUE,FALSE,"ebi-a-GCST90091033","4","110955011",0.0175496,778614,0.3049,"Nonalcoholic fatty liver disease || id:ebi-a-GCST90091033","Nonalcoholic fatty liver disease","Nonalcoholic fatty liver disease ||  || ",TRUE,"igd",NA,NA,NA,NA,NA,NA,NA,"eqtl-a-ENSG00000170522","4",110955011,0.0132269,1.0224e-10,31527,"ENSG00000170522 || id:eqtl-a-ENSG00000170522",TRUE,"reported","igd",41.7782316466804,2,1,TRUE,-0.0213290618497193,-0.00458583731629637
"rs10013061","G","A","G","A",0.0735402,-0.0031832,0.217885,0.229622,FALSE,FALSE,FALSE,"ebi-a-GCST90091033","4","111170182",0.0195815,778614,0.8709,"Nonalcoholic fatty liver disease || id:ebi-a-GCST90091033","Nonalcoholic fatty liver disease","Nonalcoholic fatty liver disease ||  || ",TRUE,"igd",NA,NA,NA,NA,NA,NA,NA,"eqtl-a-ENSG00000170522","4",111170182,0.0144044,3.30438e-07,31526,"ENSG00000170522 || id:eqtl-a-ENSG00000170522",TRUE,"reported","igd",26.0650923173291,2,1,TRUE,0.0165942905736733,-0.000738384673508672
"rs112276434","G","A","G","A",-0.0880312,0.0306189,0.128373,0.143141,FALSE,FALSE,FALSE,"ebi-a-GCST90091033","4","111134345",0.0239157,778614,0.2004,"Nonalcoholic fatty liver disease || id:ebi-a-GCST90091033","Nonalcoholic fatty liver disease","Nonalcoholic fatty liver disease ||  || ",TRUE,"igd",NA,NA,NA,NA,NA,NA,NA,"eqtl-a-ENSG00000170522","4",111134345,0.0177773,7.34548e-07,30862,"ENSG00000170522 || id:eqtl-a-ENSG00000170522",TRUE,"reported","igd",24.5211955765764,2,1,TRUE,-0.0164425525870066,0.00588598468771098
"rs113705204","A","G","A","G",-0.0770068,0.0263469,0.147929,0.152087,FALSE,FALSE,FALSE,"ebi-a-GCST90091033","4","111201137",0.0231378,778614,0.2548,"Nonalcoholic fatty liver disease || id:ebi-a-GCST90091033","Nonalcoholic fatty liver disease","Nonalcoholic fatty liver disease ||  || ",TRUE,"igd",NA,NA,NA,NA,NA,NA,NA,"eqtl-a-ENSG00000170522","4",111201137,0.0167515,4.28618e-06,31524,"ENSG00000170522 || id:eqtl-a-ENSG00000170522",TRUE,"reported","igd",21.1324937968495,2,1,TRUE,-0.0152330447641327,0.00519702416910593
"rs139543443","G","C","G","C",0.0777901,-0.0202002,0.176418,0.175944,FALSE,TRUE,FALSE,"ebi-a-GCST90091033","4","111245305",0.0214432,778614,0.3462,"Nonalcoholic fatty liver disease || id:ebi-a-GCST90091033","Nonalcoholic fatty liver disease","Nonalcoholic fatty liver disease ||  || ",TRUE,"igd",NA,NA,NA,NA,NA,NA,NA,"eqtl-a-ENSG00000170522","4",111245305,0.0156004,6.15149e-07,31526,"ENSG00000170522 || id:eqtl-a-ENSG00000170522",TRUE,"reported","igd",24.8643546469663,2,1,TRUE,0.0161791568159794,-0.00425167680326929
"rs147512002","C","T","C","T",-0.579564,0.0097354,0.0361948,0.031809,FALSE,FALSE,FALSE,"ebi-a-GCST90091033","4","111074699",0.0407259,778614,0.8111,"Nonalcoholic fatty liver disease || id:ebi-a-GCST90091033","Nonalcoholic fatty liver disease","Nonalcoholic fatty liver disease ||  || ",TRUE,"igd",NA,NA,NA,NA,NA,NA,NA,"eqtl-a-ENSG00000170522","4",111074699,0.0314904,1.2067e-75,31199,"ENSG00000170522 || id:eqtl-a-ENSG00000170522",TRUE,"reported","igd",338.724373272983,2,1,TRUE,-0.0654537230148531,0.000940212591071723
"rs17041360","T","G","T","G",-0.0876121,0.0249573,0.133653,0.147117,FALSE,FALSE,FALSE,"ebi-a-GCST90091033","4","111004928",0.0230364,778614,0.2786,"Nonalcoholic fatty liver disease || id:ebi-a-GCST90091033","Nonalcoholic fatty liver disease","Nonalcoholic fatty liver disease ||  || ",TRUE,"igd",NA,NA,NA,NA,NA,NA,NA,"eqtl-a-ENSG00000170522","4",111004928,0.0174752,5.34208e-07,31529,"ENSG00000170522 || id:eqtl-a-ENSG00000170522",TRUE,"reported","igd",25.1352882854991,2,1,TRUE,-0.0166426696362906,0.00485670189178392
"rs17041404","T","G","T","G",0.227053,0.0979689,0.0155623,0.016899,FALSE,FALSE,FALSE,"ebi-a-GCST90091033","4","111107501",0.0829212,778614,0.2374,"Nonalcoholic fatty liver disease || id:ebi-a-GCST90091033","Nonalcoholic fatty liver disease","Nonalcoholic fatty liver disease ||  || ",TRUE,"igd",NA,NA,NA,NA,NA,NA,NA,"eqtl-a-ENSG00000170522","4",111107501,0.0480474,2.2944e-06,22521,"ENSG00000170522 || id:eqtl-a-ENSG00000170522",TRUE,"reported","igd",22.3313359915588,2,1,TRUE,0.0147970913455296,0.00682869024136331
"rs17540619","A","G","A","G",-0.587244,0.0105517,0.0363845,0.031809,FALSE,FALSE,FALSE,"ebi-a-GCST90091033","4","111086795",0.0404608,778614,0.794301,"Nonalcoholic fatty liver disease || id:ebi-a-GCST90091033","Nonalcoholic fatty liver disease","Nonalcoholic fatty liver disease ||  || ",TRUE,"igd",NA,NA,NA,NA,NA,NA,NA,"eqtl-a-ENSG00000170522","4",111086795,0.0313992,4.7152e-78,31200,"ENSG00000170522 || id:eqtl-a-ENSG00000170522",TRUE,"reported","igd",349.78405661806,2,1,TRUE,-0.0665521116628623,0.00101889375875028
"rs244038","T","C","T","C",-0.0622671,0.0244502,0.340551,0.365805,FALSE,FALSE,FALSE,"ebi-a-GCST90091033","4","111230568",0.0173166,778614,0.158,"Nonalcoholic fatty liver disease || id:ebi-a-GCST90091033","Nonalcoholic fatty liver disease","Nonalcoholic fatty liver disease ||  || ",TRUE,"igd",NA,NA,NA,NA,NA,NA,NA,"eqtl-a-ENSG00000170522","4",111230568,0.0125483,6.96274e-07,31520,"ENSG00000170522 || id:eqtl-a-ENSG00000170522",TRUE,"reported","igd",24.6233701080997,2,1,TRUE,-0.0163298024298987,0.00648402568217536
"rs28458344","C","T","C","T",-0.468984,0.0596028,0.046617,0.05169,FALSE,FALSE,FALSE,"ebi-a-GCST90091033","4","111113287",0.0388521,778614,0.125,"Nonalcoholic fatty liver disease || id:ebi-a-GCST90091033","Nonalcoholic fatty liver disease","Nonalcoholic fatty liver disease ||  || ",TRUE,"igd",TRUE,"rs28458344","rs28629280","C","T","C","A","eqtl-a-ENSG00000170522","4",111113245,0.0279545,3.60745e-63,31195,"ENSG00000170522 || id:eqtl-a-ENSG00000170522",TRUE,"reported","igd",281.457350635637,2,1,TRUE,-0.0587570866807285,0.00719693512082004
"rs57076108","G","A","G","A",-0.0906616,0.0232915,0.133117,0.149105,FALSE,FALSE,FALSE,"ebi-a-GCST90091033","4","111017092",0.0231088,778614,0.3135,"Nonalcoholic fatty liver disease || id:ebi-a-GCST90091033","Nonalcoholic fatty liver disease","Nonalcoholic fatty liver disease ||  || ",TRUE,"igd",NA,NA,NA,NA,NA,NA,NA,"eqtl-a-ENSG00000170522","4",111017092,0.0175039,2.22362e-07,31200,"ENSG00000170522 || id:eqtl-a-ENSG00000170522",TRUE,"reported","igd",26.827308992128,2,1,TRUE,-0.017200255165606,0.00455891055404141
"rs57742603","G","T","G","T",-0.139737,-0.0363586,0.045389,0.048708,FALSE,FALSE,FALSE,"ebi-a-GCST90091033","4","111065511",0.0363579,778614,0.3173,"Nonalcoholic fatty liver disease || id:ebi-a-GCST90091033","Nonalcoholic fatty liver disease","Nonalcoholic fatty liver disease ||  || ",TRUE,"igd",TRUE,"rs57742603","rs77504516","G","T","G","A","eqtl-a-ENSG00000170522","4",111062806,0.0285686,1.0012e-06,27210,"ENSG00000170522 || id:eqtl-a-ENSG00000170522",TRUE,"reported","igd",23.9246125708289,2,1,TRUE,-0.0164351423915608,-0.00434310335535654
"rs60282733","G","C","G","C",-0.0882915,0.0325061,0.166553,0.178926,FALSE,TRUE,FALSE,"ebi-a-GCST90091033","4","110992820",0.0213592,778614,0.128,"Nonalcoholic fatty liver disease || id:ebi-a-GCST90091033","Nonalcoholic fatty liver disease","Nonalcoholic fatty liver disease ||  || ",TRUE,"igd",NA,NA,NA,NA,NA,NA,NA,"eqtl-a-ENSG00000170522","4",110992820,0.0159573,3.14797e-08,31525,"ENSG00000170522 || id:eqtl-a-ENSG00000170522",TRUE,"reported","igd",30.6139219419286,2,1,TRUE,-0.0183437519873646,0.00684017703291544
"rs62326561","C","G","C","G",0.0812894,0.006544,0.2514,0.21173,FALSE,TRUE,FALSE,"ebi-a-GCST90091033","4","111041824",0.0181323,778614,0.718199,"Nonalcoholic fatty liver disease || id:ebi-a-GCST90091033","Nonalcoholic fatty liver disease","Nonalcoholic fatty liver disease ||  || ",TRUE,"igd",NA,NA,NA,NA,NA,NA,NA,"eqtl-a-ENSG00000170522","4",111041824,0.0137024,2.98538e-09,31640,"ENSG00000170522 || id:eqtl-a-ENSG00000170522",TRUE,"reported","igd",35.1944800502514,2,1,TRUE,0.0192792079545582,0.00147283510534893
"rs68000146","G","A","G","A",-0.0807549,0.0133749,0.130843,0.154076,FALSE,FALSE,FALSE,"ebi-a-GCST90091033","4","111028476",0.0232336,778614,0.5648,"Nonalcoholic fatty liver disease || id:ebi-a-GCST90091033","Nonalcoholic fatty liver disease","Nonalcoholic fatty liver disease ||  || ",TRUE,"igd",NA,NA,NA,NA,NA,NA,NA,"eqtl-a-ENSG00000170522","4",111028476,0.0176359,4.67197e-06,31200,"ENSG00000170522 || id:eqtl-a-ENSG00000170522",TRUE,"reported","igd",20.9673001462265,2,1,TRUE,-0.0151895490500928,0.00265721631183687
"rs6835929","G","A","G","A",-0.13676,-0.0010532,0.133839,0.154076,FALSE,FALSE,FALSE,"ebi-a-GCST90091033","4","111064092",0.0248814,778614,0.9662,"Nonalcoholic fatty liver disease || id:ebi-a-GCST90091033","Nonalcoholic fatty liver disease","Nonalcoholic fatty liver disease ||  || ",TRUE,"igd",NA,NA,NA,NA,NA,NA,NA,"eqtl-a-ENSG00000170522","4",111064092,0.0174425,4.48436e-15,28877,"ENSG00000170522 || id:eqtl-a-ENSG00000170522",TRUE,"reported","igd",61.4753090833949,2,1,TRUE,-0.0261673888107619,-0.000209661172316913
"rs72664690","A","G","A","G",0.0850816,-0.0251582,0.150753,0.161034,FALSE,FALSE,FALSE,"ebi-a-GCST90091033","4","111255737",0.0231427,778614,0.277,"Nonalcoholic fatty liver disease || id:ebi-a-GCST90091033","Nonalcoholic fatty liver disease","Nonalcoholic fatty liver disease ||  || ",TRUE,"igd",NA,NA,NA,NA,NA,NA,NA,"eqtl-a-ENSG00000170522","4",111255737,0.0166185,3.06182e-07,27270,"ENSG00000170522 || id:eqtl-a-ENSG00000170522",TRUE,"reported","igd",26.2112452494162,2,1,TRUE,0.0165798786501376,-0.00511551072515298
"rs72676979","T","A","T","A",0.132631,0.0304558,0.0534187,0.040755,FALSE,TRUE,FALSE,"ebi-a-GCST90091033","4","110979549",0.0342893,778614,0.3744,"Nonalcoholic fatty liver disease || id:ebi-a-GCST90091033","Nonalcoholic fatty liver disease","Nonalcoholic fatty liver disease ||  || ",TRUE,"igd",TRUE,"rs72676979","rs72676980","T","A","G","T","eqtl-a-ENSG00000170522","4",110978485,0.0264443,5.29225e-07,27368,"ENSG00000170522 || id:eqtl-a-ENSG00000170522",TRUE,"reported","igd",25.15509358397,2,1,TRUE,0.0160459470422483,0.00330133360234568
"rs72900544","A","G","A","G",-0.183827,-0.0584715,0.0487062,0.049702,FALSE,FALSE,FALSE,"ebi-a-GCST90091033","4","111074088",0.0371584,778614,0.1156,"Nonalcoholic fatty liver disease || id:ebi-a-GCST90091033","Nonalcoholic fatty liver disease","Nonalcoholic fatty liver disease ||  || ",TRUE,"igd",NA,NA,NA,NA,NA,NA,NA,"eqtl-a-ENSG00000170522","4",111074088,0.0276067,2.75677e-11,31315,"ENSG00000170522 || id:eqtl-a-ENSG00000170522",TRUE,"reported","igd",44.3393791517273,2,1,TRUE,-0.0225179795899068,-0.00707914883449073
"rs73841828","A","C","A","C",-0.448825,0.0457546,0.0463023,0.057654,FALSE,FALSE,FALSE,"ebi-a-GCST90091033","4","111124031",0.0390491,778614,0.2413,"Nonalcoholic fatty liver disease || id:ebi-a-GCST90091033","Nonalcoholic fatty liver disease","Nonalcoholic fatty liver disease ||  || ",TRUE,"igd",NA,NA,NA,NA,NA,NA,NA,"eqtl-a-ENSG00000170522","4",111124031,0.0280698,1.50522e-57,31200,"ENSG00000170522 || id:eqtl-a-ENSG00000170522",TRUE,"reported","igd",255.667451617432,2,1,TRUE,-0.0558974214923153,0.00583189475185451
"rs76636244","T","C","T","C",-0.170351,-0.0589537,0.0454615,0.04672,FALSE,FALSE,FALSE,"ebi-a-GCST90091033","4","111087211",0.0373686,778614,0.1147,"Nonalcoholic fatty liver disease || id:ebi-a-GCST90091033","Nonalcoholic fatty liver disease","Nonalcoholic fatty liver disease ||  || ",TRUE,"igd",NA,NA,NA,NA,NA,NA,NA,"eqtl-a-ENSG00000170522","4",111087211,0.028535,2.37252e-09,31255,"ENSG00000170522 || id:eqtl-a-ENSG00000170522",TRUE,"reported","igd",35.6396656318548,2,1,TRUE,-0.020154382050699,-0.00693201656888817
"rs7686686","C","T","C","T",-0.0595986,0.0019544,0.352024,0.357853,FALSE,FALSE,FALSE,"ebi-a-GCST90091033","4","111144505",0.0172932,778614,0.91,"Nonalcoholic fatty liver disease || id:ebi-a-GCST90091033","Nonalcoholic fatty liver disease","Nonalcoholic fatty liver disease ||  || ",TRUE,"igd",NA,NA,NA,NA,NA,NA,NA,"eqtl-a-ENSG00000170522","4",111144505,0.0124516,1.69629e-06,31644,"ENSG00000170522 || id:eqtl-a-ENSG00000170522",TRUE,"reported","igd",22.9098262017385,2,1,TRUE,-0.0157455242658452,0.000516470362141952
"rs9030","G","A","G","A",-0.0815686,-0.0190846,0.287252,0.299205,FALSE,FALSE,FALSE,"ebi-a-GCST90091033","4","110967310",0.0178992,778614,0.2863,"Nonalcoholic fatty liver disease || id:ebi-a-GCST90091033","Nonalcoholic fatty liver disease","Nonalcoholic fatty liver disease ||  || ",TRUE,"igd",NA,NA,NA,NA,NA,NA,NA,"eqtl-a-ENSG00000170522","4",110967310,0.0131357,5.30518e-10,31644,"ENSG00000170522 || id:eqtl-a-ENSG00000170522",TRUE,"reported","igd",38.5602263227576,2,1,TRUE,-0.0204827747247078,-0.00482537095787816
"rs9994197","C","T","C","T",-0.54324,-0.0172065,0.0411043,0.033797,FALSE,FALSE,FALSE,"ebi-a-GCST90091033","4","111097567",0.0404274,778614,0.6704,"Nonalcoholic fatty liver disease || id:ebi-a-GCST90091033","Nonalcoholic fatty liver disease","Nonalcoholic fatty liver disease ||  || ",TRUE,"igd",NA,NA,NA,NA,NA,NA,NA,"eqtl-a-ENSG00000170522","4",111097567,0.0296281,4.31817e-75,31188,"ENSG00000170522 || id:eqtl-a-ENSG00000170522",TRUE,"reported","igd",336.183099931593,2,1,TRUE,-0.0648210174221597,-0.00171974857237004
