"SNP","effect_allele.exposure","other_allele.exposure","effect_allele.outcome","other_allele.outcome","beta.exposure","beta.outcome","eaf.exposure","eaf.outcome","remove","palindromic","ambiguous","id.outcome","chr","pos","se.outcome","samplesize.outcome","pval.outcome","outcome","originalname.outcome","outcome.deprecated","mr_keep.outcome","data_source.outcome","proxy.outcome","target_snp.outcome","proxy_snp.outcome","target_a1.outcome","target_a2.outcome","proxy_a1.outcome","proxy_a2.outcome","se.exposure","pval.exposure","exposure","id.exposure","samplesize.exposure","f_statistic","action","SNP_index","mr_keep","r.exposure","r.outcome"
"rs11089318","T","G","T","G",0.129327,-0.016896,0.158341,0.161034,FALSE,FALSE,FALSE,"ebi-a-GCST90091033","22","19907920",0.0229454,778614,0.4615,"Nonalcoholic fatty liver disease || id:ebi-a-GCST90091033","Nonalcoholic fatty liver disease","Nonalcoholic fatty liver disease ||  || ",TRUE,"igd",NA,NA,NA,NA,NA,NA,NA,0.0105811,2.35884823562899e-34,"COMT","COMT",32800,149.388363255357,2,1,TRUE,0.0255525733322262,-0.00343174037421453
"rs113449283","G","A","G","A",-0.133816,0.102011,0.0278271,0.036779,FALSE,FALSE,FALSE,"ebi-a-GCST90091033","22","20043700",0.0466086,778614,0.02862,"Nonalcoholic fatty liver disease || id:ebi-a-GCST90091033","Nonalcoholic fatty liver disease","Nonalcoholic fatty liver disease ||  || ",TRUE,"igd",NA,NA,NA,NA,NA,NA,NA,0.0232572,8.72911067745062e-09,"COMT","COMT",32800,33.1055824087246,2,1,TRUE,-0.0124356389846444,0.0103829871225958
"rs117148342","A","G","A","G",0.296661,0.0637205,0.0148152,0.010934,FALSE,FALSE,FALSE,"ebi-a-GCST90091033","22","20076642",0.0802978,778614,0.4275,"Nonalcoholic fatty liver disease || id:ebi-a-GCST90091033","Nonalcoholic fatty liver disease","Nonalcoholic fatty liver disease ||  || ",TRUE,"igd",NA,NA,NA,NA,NA,NA,NA,0.0320144,1.92397754933168e-20,"COMT","COMT",32800,85.867768925408,2,1,TRUE,0.0185904477296412,0.00360751261742181
"rs117246610","T","G","T","G",0.179339,0.028759,0.0177441,0.015905,FALSE,FALSE,FALSE,"ebi-a-GCST90091033","22","19816108",0.0654915,778614,0.660601,"Nonalcoholic fatty liver disease || id:ebi-a-GCST90091033","Nonalcoholic fatty liver disease","Nonalcoholic fatty liver disease ||  || ",TRUE,"igd",NA,NA,NA,NA,NA,NA,NA,0.0297979,1.76035395361616e-09,"COMT","COMT",32800,36.2224791301595,2,1,TRUE,0.0125933458549812,0.00197259189697944
"rs117373339","T","C","T","C",-0.21432,-0.100758,0.0167835,0.019881,FALSE,FALSE,FALSE,"ebi-a-GCST90091033","22","19920747",0.0668288,778614,0.1316,"Nonalcoholic fatty liver disease || id:ebi-a-GCST90091033","Nonalcoholic fatty liver disease","Nonalcoholic fatty liver disease ||  || ",TRUE,"igd",NA,NA,NA,NA,NA,NA,NA,0.0294847,3.62576790241196e-13,"COMT","COMT",32800,52.8362485643684,2,1,TRUE,-0.015790095764736,-0.00790253917720357
"rs117393483","A","G","A","G",0.264473,0.0201901,0.0401301,0.042744,FALSE,FALSE,FALSE,"ebi-a-GCST90091033","22","19991120",0.0445726,778614,0.6506,"Nonalcoholic fatty liver disease || id:ebi-a-GCST90091033","Nonalcoholic fatty liver disease","Nonalcoholic fatty liver disease ||  || ",TRUE,"igd",NA,NA,NA,NA,NA,NA,NA,0.0204177,2.25475832967633e-38,"COMT","COMT",32800,167.783421492855,2,1,TRUE,0.0271808337591057,0.00224331202690547
"rs12329964","A","G","A","G",0.204031,0.0230123,0.161071,0.159046,FALSE,FALSE,FALSE,"ebi-a-GCST90091033","22","19959033",0.0219804,778614,0.2951,"Nonalcoholic fatty liver disease || id:ebi-a-GCST90091033","Nonalcoholic fatty liver disease","Nonalcoholic fatty liver disease ||  || ",TRUE,"igd",NA,NA,NA,NA,NA,NA,NA,0.0103645,2.86220014905118e-86,"COMT","COMT",32800,387.521323339554,2,1,TRUE,0.0401411822344721,0.00462534150045318
"rs12628032","T","C","T","C",-0.259344,-0.0214333,0.302585,0.304175,FALSE,FALSE,FALSE,"ebi-a-GCST90091033","22","19967980",0.0170341,778614,0.2083,"Nonalcoholic fatty liver disease || id:ebi-a-GCST90091033","Nonalcoholic fatty liver disease","Nonalcoholic fatty liver disease ||  || ",TRUE,"igd",NA,NA,NA,NA,NA,NA,NA,0.00828677,5.26017266390711e-215,"COMT","COMT",32800,979.449027969529,2,1,TRUE,-0.0667901377738987,-0.00544539846743977
"rs138329998","G","C","G","C",0.200649,0.0967355,0.015239,0.016899,FALSE,TRUE,FALSE,"ebi-a-GCST90091033","22","19837149",0.0531753,778614,0.0688795,"Nonalcoholic fatty liver disease || id:ebi-a-GCST90091033","Nonalcoholic fatty liver disease","Nonalcoholic fatty liver disease ||  || ",TRUE,"igd",NA,NA,NA,NA,NA,NA,NA,0.0329288,1.10517232229426e-09,"COMT","COMT",32800,37.1297641520585,2,1,TRUE,0.0130136515224479,0.00674438779253199
"rs139359371","A","G","A","G",-0.242522,0.0716611,0.0163144,0.017893,FALSE,FALSE,FALSE,"ebi-a-GCST90091033","22","19972039",0.0848482,778614,0.3983,"Nonalcoholic fatty liver disease || id:ebi-a-GCST90091033","Nonalcoholic fatty liver disease","Nonalcoholic fatty liver disease ||  || ",TRUE,"igd",NA,NA,NA,NA,NA,NA,NA,0.0313236,9.74989637717389e-15,"COMT","COMT",32800,59.9458252428752,2,1,TRUE,-0.0177079775960249,0.00516443048131269
"rs143099267","G","A","G","A",-0.199774,-0.0449325,0.0238254,0.028827,FALSE,FALSE,FALSE,"ebi-a-GCST90091033","22","20070223",0.0523017,778614,0.3903,"Nonalcoholic fatty liver disease || id:ebi-a-GCST90091033","Nonalcoholic fatty liver disease","Nonalcoholic fatty liver disease ||  || ",TRUE,"igd",NA,NA,NA,NA,NA,NA,NA,0.0255719,5.61694278355639e-15,"COMT","COMT",32800,61.031203763779,2,1,TRUE,-0.0174187635213708,-0.00417984008103213
"rs147920629","A","G","A","G",0.176231,0.0815236,0.0248951,0.021869,FALSE,FALSE,FALSE,"ebi-a-GCST90091033","22","20158925",0.0693089,778614,0.2395,"Nonalcoholic fatty liver disease || id:ebi-a-GCST90091033","Nonalcoholic fatty liver disease","Nonalcoholic fatty liver disease ||  || ",TRUE,"igd",NA,NA,NA,NA,NA,NA,NA,0.0252628,3.03878518206118e-12,"COMT","COMT",32800,48.6633097532851,2,1,TRUE,0.0146212192532164,0.00647020355477331
"rs149723481","T","C","T","C",0.124165,-0.026171,0.143387,0.149105,FALSE,FALSE,FALSE,"ebi-a-GCST90091033","22","20175473",0.0253179,778614,0.3013,"Nonalcoholic fatty liver disease || id:ebi-a-GCST90091033","Nonalcoholic fatty liver disease","Nonalcoholic fatty liver disease ||  || ",TRUE,"igd",TRUE,"rs149723481","rs7290062","T","C","C","T",0.0108865,3.92916258613057e-30,"COMT","COMT",32800,130.08338572276,2,1,TRUE,0.0235528520623668,-0.00515817248003473
"rs1640282","T","G","T","G",-0.145897,0.0014271,0.535202,0.514911,FALSE,FALSE,FALSE,"ebi-a-GCST90091033","22","20148368",0.0168764,778614,0.9326,"Nonalcoholic fatty liver disease || id:ebi-a-GCST90091033","Nonalcoholic fatty liver disease","Nonalcoholic fatty liver disease ||  || ",TRUE,"igd",TRUE,"rs1640282","rs1640283","G","T","G","T",0.0078161,9.32395137540633e-78,"COMT","COMT",32800,348.427567803429,2,1,TRUE,-0.0399873242820748,0.000393229059087054
"rs165631","T","C","T","C",-0.24484,0.0942403,0.0119913,0.017893,FALSE,FALSE,FALSE,"ebi-a-GCST90091033","22","19951816",0.0667129,778614,0.1578,"Nonalcoholic fatty liver disease || id:ebi-a-GCST90091033","Nonalcoholic fatty liver disease","Nonalcoholic fatty liver disease ||  || ",TRUE,"igd",NA,NA,NA,NA,NA,NA,NA,0.036197,1.34152879826612e-11,"COMT","COMT",32800,45.75300108365,2,1,TRUE,-0.0153732856185172,0.00676113245439605
"rs165737","T","C","T","C",-0.315916,0.0306238,0.312468,0.305169,FALSE,FALSE,FALSE,"ebi-a-GCST90091033","22","19952501",0.0175412,778614,0.0808407,"Nonalcoholic fatty liver disease || id:ebi-a-GCST90091033","Nonalcoholic fatty liver disease","Nonalcoholic fatty liver disease ||  || ",TRUE,"igd",NA,NA,NA,NA,NA,NA,NA,0.0082695,2.55268897236797e-319,"COMT","COMT",32800,1459.43494453565,2,1,TRUE,-0.0822010604509904,0.00775569490354992
"rs174675","C","T","C","T",-0.0601832,0.0290747,0.720947,0.692843,FALSE,FALSE,FALSE,"ebi-a-GCST90091033","22","19934051",0.0179077,778614,0.1045,"Nonalcoholic fatty liver disease || id:ebi-a-GCST90091033","Nonalcoholic fatty liver disease","Nonalcoholic fatty liver disease ||  || ",TRUE,"igd",NA,NA,NA,NA,NA,NA,NA,0.00849314,1.37943105819753e-12,"COMT","COMT",32800,50.2127475414043,2,1,TRUE,-0.0148008210358492,0.00741100777971377
"rs174695","T","C","T","C",-0.334351,0.0215447,0.464254,0.434394,FALSE,FALSE,FALSE,"ebi-a-GCST90091033","22","19947469",0.016428,778614,0.1897,"Nonalcoholic fatty liver disease || id:ebi-a-GCST90091033","Nonalcoholic fatty liver disease","Nonalcoholic fatty liver disease ||  || ",TRUE,"igd",NA,NA,NA,NA,NA,NA,NA,0.00772039,0,"COMT","COMT",32800,1875.54191308066,2,1,TRUE,-0.0917784779153567,0.00588427488624233
"rs174697","G","A","G","A",-0.321789,0.0205006,0.951388,0.9334,FALSE,FALSE,FALSE,"ebi-a-GCST90091033","22","19953832",0.0306543,778614,0.5036,"Nonalcoholic fatty liver disease || id:ebi-a-GCST90091033","Nonalcoholic fatty liver disease","Nonalcoholic fatty liver disease ||  || ",TRUE,"igd",NA,NA,NA,NA,NA,NA,NA,0.0177876,3.77833098658881e-73,"COMT","COMT",32800,327.271117162458,2,1,TRUE,-0.0358471547221648,0.00282802801577308
"rs17746115","A","C","A","C",-0.0704173,0.019888,0.152896,0.141153,FALSE,FALSE,FALSE,"ebi-a-GCST90091033","22","20196046",0.0211369,778614,0.3467,"Nonalcoholic fatty liver disease || id:ebi-a-GCST90091033","Nonalcoholic fatty liver disease","Nonalcoholic fatty liver disease ||  || ",TRUE,"igd",NA,NA,NA,NA,NA,NA,NA,0.0105243,2.21717513777523e-11,"COMT","COMT",32800,44.7684748411957,2,1,TRUE,-0.0141057258460936,0.00380677117096378
"rs34220917","G","C","G","C",-0.137691,-0.012664,0.0777744,0.067594,FALSE,TRUE,FALSE,"ebi-a-GCST90091033","22","20088663",0.0261286,778614,0.627899,"Nonalcoholic fatty liver disease || id:ebi-a-GCST90091033","Nonalcoholic fatty liver disease","Nonalcoholic fatty liver disease ||  || ",TRUE,"igd",NA,NA,NA,NA,NA,NA,NA,0.0141605,2.39221384751205e-22,"COMT","COMT",32800,94.5483450477046,2,1,TRUE,-0.020790923396388,-0.00175665413566597
"rs3788315","A","G","A","G",-0.152263,-0.0001821,0.0774376,0.070577,FALSE,FALSE,FALSE,"ebi-a-GCST90091033","22","19889491",0.0293295,778614,0.995,"Nonalcoholic fatty liver disease || id:ebi-a-GCST90091033","Nonalcoholic fatty liver disease","Nonalcoholic fatty liver disease ||  || ",TRUE,"igd",NA,NA,NA,NA,NA,NA,NA,0.0144383,5.31495999506648e-26,"COMT","COMT",32800,111.213278053292,2,1,TRUE,-0.022998113484203,-2.57141783319604e-05
"rs41282451","T","C","T","C",-0.140185,0.0196802,0.0616504,0.054672,FALSE,FALSE,FALSE,"ebi-a-GCST90091033","22","20193099",0.0321463,778614,0.5404,"Nonalcoholic fatty liver disease || id:ebi-a-GCST90091033","Nonalcoholic fatty liver disease","Nonalcoholic fatty liver disease ||  || ",TRUE,"igd",NA,NA,NA,NA,NA,NA,NA,0.0159698,1.66188129602427e-18,"COMT","COMT",32800,77.0555877626389,2,1,TRUE,-0.0190350313101399,0.00245801221943976
"rs41295421","C","T","C","T",-0.1154,0.0031054,0.0748504,0.06163,FALSE,FALSE,FALSE,"ebi-a-GCST90091033","22","19735380",0.0323527,778614,0.9235,"Nonalcoholic fatty liver disease || id:ebi-a-GCST90091033","Nonalcoholic fatty liver disease","Nonalcoholic fatty liver disease ||  || ",TRUE,"igd",NA,NA,NA,NA,NA,NA,NA,0.014571,2.37793511410136e-15,"COMT","COMT",32800,62.7238779747026,2,1,TRUE,-0.0170638955359342,0.000411504664870625
"rs4819867","A","C","A","C",0.150364,-0.0230042,0.296381,0.291252,FALSE,FALSE,FALSE,"ebi-a-GCST90091033","22","20136379",0.0176918,778614,0.1935,"Nonalcoholic fatty liver disease || id:ebi-a-GCST90091033","Nonalcoholic fatty liver disease","Nonalcoholic fatty liver disease ||  || ",TRUE,"igd",NA,NA,NA,NA,NA,NA,NA,0.00832718,6.9518437127825e-73,"COMT","COMT",32800,326.055729266529,2,1,TRUE,0.0373505136652523,-0.0057732427880778
"rs5748503","T","C","T","C",-0.233146,-0.0002615,0.0995857,0.087475,FALSE,FALSE,FALSE,"ebi-a-GCST90091033","22","20010858",0.0273821,778614,0.9924,"Nonalcoholic fatty liver disease || id:ebi-a-GCST90091033","Nonalcoholic fatty liver disease","Nonalcoholic fatty liver disease ||  || ",TRUE,"igd",NA,NA,NA,NA,NA,NA,NA,0.0127902,3.06760897691795e-74,"COMT","COMT",32800,332.277754193216,2,1,TRUE,-0.0398517446149559,-4.0734789974798e-05
"rs62218156","A","G","A","G",0.103781,-0.0805533,0.0455488,0.045726,FALSE,FALSE,FALSE,"ebi-a-GCST90091033","22","20189408",0.038423,778614,0.0360396,"Nonalcoholic fatty liver disease || id:ebi-a-GCST90091033","Nonalcoholic fatty liver disease","Nonalcoholic fatty liver disease ||  || ",TRUE,"igd",NA,NA,NA,NA,NA,NA,NA,0.0181964,1.17424846192408e-08,"COMT","COMT",32800,32.5285535596196,2,1,TRUE,0.0117017825499636,-0.00941122182779071
"rs62222174","T","C","T","C",-0.179525,0.0575906,0.110489,0.095427,FALSE,FALSE,FALSE,"ebi-a-GCST90091033","22","20022746",0.0294943,778614,0.0508698,"Nonalcoholic fatty liver disease || id:ebi-a-GCST90091033","Nonalcoholic fatty liver disease","Nonalcoholic fatty liver disease ||  || ",TRUE,"igd",NA,NA,NA,NA,NA,NA,NA,0.0122817,2.17720839387282e-48,"COMT","COMT",32800,213.664760875532,2,1,TRUE,-0.0318599115586683,0.00924072589398666
"rs670708","A","G","A","G",-0.0501157,-0.0034629,0.696847,0.697813,FALSE,FALSE,FALSE,"ebi-a-GCST90091033","22","20146149",0.0176173,778614,0.8442,"Nonalcoholic fatty liver disease || id:ebi-a-GCST90091033","Nonalcoholic fatty liver disease","Nonalcoholic fatty liver disease ||  || ",TRUE,"igd",NA,NA,NA,NA,NA,NA,NA,0.00832698,1.76071879424778e-09,"COMT","COMT",32800,36.2220110337001,2,1,TRUE,-0.0126476695310665,-0.000876473535318649
"rs685667","T","C","T","C",-0.0493852,0.0068662,0.28478,0.332008,FALSE,FALSE,FALSE,"ebi-a-GCST90091033","22","20189622",0.0179749,778614,0.702499,"Nonalcoholic fatty liver disease || id:ebi-a-GCST90091033","Nonalcoholic fatty liver disease","Nonalcoholic fatty liver disease ||  || ",TRUE,"igd",NA,NA,NA,NA,NA,NA,NA,0.00841533,4.39804835533808e-09,"COMT","COMT",32800,34.4390633704213,2,1,TRUE,-0.0123387284693036,0.00178190925175085
"rs701448","T","C","T","C",0.0957387,-0.0003122,0.064611,0.067594,FALSE,FALSE,FALSE,"ebi-a-GCST90091033","22","20168607",0.0349955,778614,0.9929,"Nonalcoholic fatty liver disease || id:ebi-a-GCST90091033","Nonalcoholic fatty liver disease","Nonalcoholic fatty liver disease ||  || ",TRUE,"igd",NA,NA,NA,NA,NA,NA,NA,0.0156079,8.57037845230369e-10,"COMT","COMT",32800,37.6258313385665,2,1,TRUE,0.0127565297201416,-4.3213915193135e-05
"rs737855","C","G","C","G",0.0791632,0.0145393,0.693487,0.690855,FALSE,TRUE,FALSE,"ebi-a-GCST90091033","22","19860832",0.0180174,778614,0.4197,"Nonalcoholic fatty liver disease || id:ebi-a-GCST90091033","Nonalcoholic fatty liver disease","Nonalcoholic fatty liver disease ||  || ",TRUE,"igd",NA,NA,NA,NA,NA,NA,NA,0.00832223,1.8655203891006e-21,"COMT","COMT",32800,90.4830547838033,2,1,TRUE,0.0202389144753594,0.00370856400048133
"rs73880029","T","C","T","C",0.347785,-0.0815869,0.0485137,0.043738,FALSE,FALSE,FALSE,"ebi-a-GCST90091033","22","19947773",0.0437236,778614,0.0620497,"Nonalcoholic fatty liver disease || id:ebi-a-GCST90091033","Nonalcoholic fatty liver disease","Nonalcoholic fatty liver disease ||  || ",TRUE,"igd",NA,NA,NA,NA,NA,NA,NA,0.0178225,8.38687171248151e-85,"COMT","COMT",32800,380.789046283525,2,1,TRUE,0.038497645839385,-0.00933447990677761
"rs74478331","T","C","T","C",0.188649,-0.0204775,0.0877439,0.104374,FALSE,FALSE,FALSE,"ebi-a-GCST90091033","22","19891698",0.0254517,778614,0.4211,"Nonalcoholic fatty liver disease || id:ebi-a-GCST90091033","Nonalcoholic fatty liver disease","Nonalcoholic fatty liver disease ||  || ",TRUE,"igd",NA,NA,NA,NA,NA,NA,NA,0.0134101,5.99652985155339e-45,"COMT","COMT",32800,197.899629881057,2,1,TRUE,0.0284796189169164,-0.00346294736330505
"rs76692419","A","G","A","G",-0.176458,0.0478805,0.0511667,0.043738,FALSE,FALSE,FALSE,"ebi-a-GCST90091033","22","19886443",0.0338065,778614,0.1567,"Nonalcoholic fatty liver disease || id:ebi-a-GCST90091033","Nonalcoholic fatty liver disease","Nonalcoholic fatty liver disease ||  || ",TRUE,"igd",NA,NA,NA,NA,NA,NA,NA,0.0173982,3.58508948276556e-24,"COMT","COMT",32800,102.866524606334,2,1,TRUE,-0.0220951546816254,0.00535117949300613
"rs77229319","T","G","T","G",-0.172165,-0.014363,0.0290046,0.026839,FALSE,FALSE,FALSE,"ebi-a-GCST90091033","22","19859081",0.0534413,778614,0.788099,"Nonalcoholic fatty liver disease || id:ebi-a-GCST90091033","Nonalcoholic fatty liver disease","Nonalcoholic fatty liver disease ||  || ",TRUE,"igd",NA,NA,NA,NA,NA,NA,NA,0.0234709,2.21309470960564e-13,"COMT","COMT",32800,53.8059430509736,2,1,TRUE,-0.0164335390145122,-0.0012832416737698
"rs77573782","T","C","T","C",0.121534,-0.0458569,0.0615268,0.05169,FALSE,FALSE,FALSE,"ebi-a-GCST90091033","22","19905555",0.0341822,778614,0.1797,"Nonalcoholic fatty liver disease || id:ebi-a-GCST90091033","Nonalcoholic fatty liver disease","Nonalcoholic fatty liver disease ||  || ",TRUE,"igd",NA,NA,NA,NA,NA,NA,NA,0.0160835,4.14095012743468e-14,"COMT","COMT",32800,57.0997828989558,2,1,TRUE,0.0157512947133568,-0.00564319887126376
"rs78055866","T","C","T","C",-0.120626,0.0778713,0.0333384,0.025845,FALSE,FALSE,FALSE,"ebi-a-GCST90091033","22","20244259",0.0522661,778614,0.1363,"Nonalcoholic fatty liver disease || id:ebi-a-GCST90091033","Nonalcoholic fatty liver disease","Nonalcoholic fatty liver disease ||  || ",TRUE,"igd",NA,NA,NA,NA,NA,NA,NA,0.0212681,1.41409960187738e-08,"COMT","COMT",32800,32.1680300740146,2,1,TRUE,-0.0122030478109461,0.00671069763661718
"rs79440454","C","G","C","G",-0.212166,0.0440065,0.0225954,0.012922,FALSE,TRUE,FALSE,"ebi-a-GCST90091033","22","19995480",0.0632983,778614,0.4869,"Nonalcoholic fatty liver disease || id:ebi-a-GCST90091033","Nonalcoholic fatty liver disease","Nonalcoholic fatty liver disease ||  || ",TRUE,"igd",TRUE,"rs79440454","rs17817586","C","G","G","T",0.025691,1.47672626739858e-16,"COMT","COMT",32800,68.2008141354951,2,1,TRUE,-0.0180672923459988,0.00271650524480538
"rs79693817","T","C","T","C",-0.216499,-0.0448038,0.029253,0.030815,FALSE,FALSE,FALSE,"ebi-a-GCST90091033","22","20005259",0.0449901,778614,0.3193,"Nonalcoholic fatty liver disease || id:ebi-a-GCST90091033","Nonalcoholic fatty liver disease","Nonalcoholic fatty liver disease ||  || ",TRUE,"igd",NA,NA,NA,NA,NA,NA,NA,0.0223482,3.40721861659357e-22,"COMT","COMT",32800,93.8483606564864,2,1,TRUE,-0.0209087861275626,-0.00430452401892577
"rs9606164","T","C","T","C",0.150602,-0.124585,0.0474543,0.04672,FALSE,FALSE,FALSE,"ebi-a-GCST90091033","22","19807031",0.0433937,778614,0.004091,"Nonalcoholic fatty liver disease || id:ebi-a-GCST90091033","Nonalcoholic fatty liver disease","Nonalcoholic fatty liver disease ||  || ",TRUE,"igd",NA,NA,NA,NA,NA,NA,NA,0.0178331,3.03948496877012e-17,"COMT","COMT",32800,71.3194177396951,2,1,TRUE,0.0171619343063403,-0.0148167168111228
"rs9606202","A","G","A","G",0.258077,0.0372552,0.0750553,0.078529,FALSE,FALSE,FALSE,"ebi-a-GCST90091033","22","19969400",0.0358047,778614,0.2981,"Nonalcoholic fatty liver disease || id:ebi-a-GCST90091033","Nonalcoholic fatty liver disease","Nonalcoholic fatty liver disease ||  || ",TRUE,"igd",NA,NA,NA,NA,NA,NA,NA,0.0147877,3.31436245009255e-68,"COMT","COMT",32800,304.577165375688,2,1,TRUE,0.0357773272044071,0.00549033352577273
"rs9606268","T","C","T","C",0.169518,-0.0408836,0.0247224,0.017893,FALSE,FALSE,FALSE,"ebi-a-GCST90091033","22","20142837",0.0671957,778614,0.5429,"Nonalcoholic fatty liver disease || id:ebi-a-GCST90091033","Nonalcoholic fatty liver disease","Nonalcoholic fatty liver disease ||  || ",TRUE,"igd",NA,NA,NA,NA,NA,NA,NA,0.0254297,2.62603191557853e-11,"COMT","COMT",32800,44.437453768706,2,1,TRUE,0.0140356518017725,-0.00301144553520952
"rs9680615","A","G","A","G",-0.0740604,0.0349613,0.184985,0.175944,FALSE,FALSE,FALSE,"ebi-a-GCST90091033","22","19770886",0.0214365,778614,0.1029,"Nonalcoholic fatty liver disease || id:ebi-a-GCST90091033","Nonalcoholic fatty liver disease","Nonalcoholic fatty liver disease ||  || ",TRUE,"igd",NA,NA,NA,NA,NA,NA,NA,0.00977182,3.48257116638654e-14,"COMT","COMT",32800,57.440893874069,2,1,TRUE,-0.0159984731611112,0.00730582196550467
