"SNP","effect_allele.exposure","other_allele.exposure","effect_allele.outcome","other_allele.outcome","beta.exposure","beta.outcome","eaf.exposure","eaf.outcome","remove","palindromic","ambiguous","id.outcome","chr","pos","se.outcome","samplesize.outcome","pval.outcome","outcome","originalname.outcome","outcome.deprecated","mr_keep.outcome","data_source.outcome","id.exposure","chr.exposure","pos.exposure","se.exposure","pval.exposure","samplesize.exposure","exposure","mr_keep.exposure","pval_origin.exposure","data_source.exposure","f_statistic","action","SNP_index","mr_keep","r.exposure","r.outcome"
"rs10118140","G","A","G","A",-0.103261,0.066,0.726371,0.733548,FALSE,FALSE,FALSE,"ebi-a-GCST90018894","9","131667742",0.0303,480018,0.0293299,"Parkinson's disease || id:ebi-a-GCST90018894","Parkinson's disease","Parkinson's disease ||  || ",TRUE,"igd","eqtl-a-ENSG00000148346","9",131667742,0.0133218,9.10332e-15,14263,"ENSG00000148346 || id:eqtl-a-ENSG00000148346",TRUE,"reported","igd",60.0823394227179,2,1,TRUE,-0.0251302928641419,0.0161827856790659
"rs1012068","G","T","G","T",-0.122338,-0.0019,0.276034,0.241269,FALSE,FALSE,FALSE,"ebi-a-GCST90018894","22","32265903",0.0298,480018,0.9481,"Parkinson's disease || id:ebi-a-GCST90018894","Parkinson's disease","Parkinson's disease ||  || ",TRUE,"igd","eqtl-a-ENSG00000148346","22",32265903,0.013274,3.07256e-20,14263,"ENSG00000148346 || id:eqtl-a-ENSG00000148346",TRUE,"reported","igd",84.9413435289525,2,1,TRUE,-0.0304589809725511,-0.000448274869556707
"rs10739732","A","C","A","C",0.113057,0.0182,0.380502,0.418385,FALSE,FALSE,FALSE,"ebi-a-GCST90018894","9","131520628",0.028,480018,0.5161,"Parkinson's disease || id:ebi-a-GCST90018894","Parkinson's disease","Parkinson's disease ||  || ",TRUE,"igd","eqtl-a-ENSG00000148346","9",131520628,0.0122218,2.23666e-20,14259,"ENSG00000148346 || id:eqtl-a-ENSG00000148346",TRUE,"reported","igd",85.5705984259211,2,1,TRUE,0.030077749121452,0.0049467696496046
"rs10819450","C","T","C","T",-0.149959,0.0285,0.748924,0.76752,FALSE,FALSE,FALSE,"ebi-a-GCST90018894","9","131611810",0.0321,480018,0.3738,"Parkinson's disease || id:ebi-a-GCST90018894","Parkinson's disease","Parkinson's disease ||  || ",TRUE,"igd","eqtl-a-ENSG00000148346","9",131611810,0.0136672,5.21075e-28,14263,"ENSG00000148346 || id:eqtl-a-ENSG00000148346",TRUE,"reported","igd",120.388768479703,2,1,TRUE,-0.035278098099359,0.00665731421099757
"rs10988105","T","C","T","C",-0.0918488,0.0036,0.544235,0.419329,FALSE,FALSE,FALSE,"ebi-a-GCST90018894","9","131484526",0.0276,480018,0.8963,"Parkinson's disease || id:ebi-a-GCST90018894","Parkinson's disease","Parkinson's disease ||  || ",TRUE,"igd","eqtl-a-ENSG00000148346","9",131484526,0.0119253,1.33937e-14,14263,"ENSG00000148346 || id:eqtl-a-ENSG00000148346",TRUE,"reported","igd",59.3209840641686,2,1,TRUE,-0.0251669525919187,0.000979275749015419
"rs10988134","T","C","T","C",0.155387,-0.0299,0.249502,0.231266,FALSE,FALSE,FALSE,"ebi-a-GCST90018894","9","131595407",0.0321,480018,0.3517,"Parkinson's disease || id:ebi-a-GCST90018894","Parkinson's disease","Parkinson's disease ||  || ",TRUE,"igd","eqtl-a-ENSG00000148346","9",131595407,0.0136918,7.51796e-30,14263,"ENSG00000148346 || id:eqtl-a-ENSG00000148346",TRUE,"reported","igd",128.797748344277,2,1,TRUE,0.0364521697367365,-0.00697270348197461
"rs1150753","G","A","G","A",-0.0942704,-0.0124,0.103682,0.121306,FALSE,FALSE,FALSE,"ebi-a-GCST90018894","6","32059867",0.0465,480018,0.7901,"Parkinson's disease || id:ebi-a-GCST90018894","Parkinson's disease","Parkinson's disease ||  || ",TRUE,"igd","eqtl-a-ENSG00000148346","6",32059867,0.0195076,1.3476e-06,13566,"ENSG00000148346 || id:eqtl-a-ENSG00000148346",TRUE,"reported","igd",23.3530181005251,2,1,TRUE,-0.0160759502735238,-0.00223617041395516
"rs1150757","A","G","A","G",-0.0937253,-0.0111,0.102468,0.121324,FALSE,FALSE,FALSE,"ebi-a-GCST90018894","6","32029205",0.0465,480018,0.8104,"Parkinson's disease || id:ebi-a-GCST90018894","Parkinson's disease","Parkinson's disease ||  || ",TRUE,"igd","eqtl-a-ENSG00000148346","6",32029205,0.0196099,1.75639e-06,13566,"ENSG00000148346 || id:eqtl-a-ENSG00000148346",TRUE,"reported","igd",22.8435144473928,2,1,TRUE,-0.0158993427375054,-0.00200146982716806
"rs1270942","G","A","G","A",-0.093334,-0.0129,0.103857,0.121696,FALSE,FALSE,FALSE,"ebi-a-GCST90018894","6","31918860",0.0464,480018,0.7815,"Parkinson's disease || id:ebi-a-GCST90018894","Parkinson's disease","Parkinson's disease ||  || ",TRUE,"igd","eqtl-a-ENSG00000148346","6",31918860,0.0194933,1.68279e-06,13566,"ENSG00000148346 || id:eqtl-a-ENSG00000148346",TRUE,"reported","igd",22.9249831031752,2,1,TRUE,-0.0159257989800305,-0.00232972868873684
"rs13297866","T","C","T","C",0.239091,-0.0193,0.118392,0.1132,FALSE,FALSE,FALSE,"ebi-a-GCST90018894","9","131510406",0.0418,480018,0.6438,"Parkinson's disease || id:ebi-a-GCST90018894","Parkinson's disease","Parkinson's disease ||  || ",TRUE,"igd","eqtl-a-ENSG00000148346","9",131510406,0.0183121,5.84252e-39,11157,"ENSG00000148346 || id:eqtl-a-ENSG00000148346",TRUE,"reported","igd",170.470860870483,2,1,TRUE,0.0409528146819806,-0.00338137576565603
"rs13299607","T","G","T","G",0.134189,-0.0101,0.14382,0.174202,FALSE,FALSE,FALSE,"ebi-a-GCST90018894","9","131371672",0.0379,480018,0.7902,"Parkinson's disease || id:ebi-a-GCST90018894","Parkinson's disease","Parkinson's disease ||  || ",TRUE,"igd","eqtl-a-ENSG00000148346","9",131371672,0.0169234,2.20546e-15,13612,"ENSG00000148346 || id:eqtl-a-ENSG00000148346",TRUE,"reported","igd",62.8721908250266,2,1,TRUE,0.0254472872555848,-0.00211477882178981
"rs1375493","A","G","A","G",0.132412,3e-04,0.565077,0.519217,FALSE,FALSE,FALSE,"ebi-a-GCST90018894","2","182323766",0.0269,480018,0.9899,"Parkinson's disease || id:ebi-a-GCST90018894","Parkinson's disease","Parkinson's disease ||  || ",TRUE,"igd","eqtl-a-ENSG00000148346","2",182323766,0.0119538,1.62218e-28,14263,"ENSG00000148346 || id:eqtl-a-ENSG00000148346",TRUE,"reported","igd",122.699479389376,2,1,TRUE,0.036278949930888,8.26384212674416e-05
"rs147223298","T","C","T","C",0.216102,-0.0169,0.0174363,0.0267994,FALSE,FALSE,FALSE,"ebi-a-GCST90018894","9","131864408",0.0825,480018,0.838,"Parkinson's disease || id:ebi-a-GCST90018894","Parkinson's disease","Parkinson's disease ||  || ",TRUE,"igd","eqtl-a-ENSG00000148346","9",131864408,0.0454349,1.9727e-06,10333,"ENSG00000148346 || id:eqtl-a-ENSG00000148346",TRUE,"reported","igd",22.6223865767026,2,1,TRUE,0.0149298506669356,-0.00150954243385466
"rs17432804","T","C","T","C",0.101644,-0.07,0.127353,0.145256,FALSE,FALSE,FALSE,"ebi-a-GCST90018894","9","131699750",0.0414,480018,0.0911696,"Parkinson's disease || id:ebi-a-GCST90018894","Parkinson's disease","Parkinson's disease ||  || ",TRUE,"igd","eqtl-a-ENSG00000148346","9",131699750,0.0178329,1.1995e-08,10332,"ENSG00000148346 || id:eqtl-a-ENSG00000148346",TRUE,"reported","igd",32.4877434236024,2,1,TRUE,0.0183917914614526,-0.0137310147730174
"rs17455405","C","A","C","A",0.137855,-0.065,0.0428172,0.0527031,FALSE,FALSE,FALSE,"ebi-a-GCST90018894","9","131745394",0.0615,480018,0.2904,"Parkinson's disease || id:ebi-a-GCST90018894","Parkinson's disease","Parkinson's disease ||  || ",TRUE,"igd","eqtl-a-ENSG00000148346","9",131745394,0.0293764,2.69749e-06,10333,"ENSG00000148346 || id:eqtl-a-ENSG00000148346",TRUE,"reported","igd",22.0215507721929,2,1,TRUE,0.0149914763371984,-0.0080994452002134
"rs212388","T","C","T","C",-0.147282,2e-04,0.627378,0.522003,FALSE,FALSE,FALSE,"ebi-a-GCST90018894","6","159490436",0.0274,480018,0.9939,"Parkinson's disease || id:ebi-a-GCST90018894","Parkinson's disease","Parkinson's disease ||  || ",TRUE,"igd","eqtl-a-ENSG00000148346","6",159490436,0.0122471,2.60076e-33,14263,"ENSG00000148346 || id:eqtl-a-ENSG00000148346",TRUE,"reported","igd",144.621485476227,2,1,TRUE,-0.0389196951917124,5.50795773376131e-05
"rs212402","A","G","A","G",-0.11661,-0.0314,0.684693,0.730803,FALSE,FALSE,FALSE,"ebi-a-GCST90018894","6","159472295",0.0294,480018,0.2859,"Parkinson's disease || id:ebi-a-GCST90018894","Parkinson's disease","Parkinson's disease ||  || ",TRUE,"igd","eqtl-a-ENSG00000148346","6",159472295,0.0127718,6.83754e-20,14263,"ENSG00000148346 || id:eqtl-a-ENSG00000148346",TRUE,"reported","igd",83.3618554565997,2,1,TRUE,-0.0295933991773115,-0.00765585247624188
"rs2187668","T","C","T","C",-0.0862002,0.0887,0.113741,0.0323224,FALSE,FALSE,FALSE,"ebi-a-GCST90018894","6","32605884",0.2447,480018,0.717,"Parkinson's disease || id:ebi-a-GCST90018894","Parkinson's disease","Parkinson's disease ||  || ",TRUE,"igd","eqtl-a-ENSG00000148346","6",32605884,0.0187318,4.18861e-06,13055,"ENSG00000148346 || id:eqtl-a-ENSG00000148346",TRUE,"reported","igd",21.1766628633213,2,1,TRUE,-0.015285784716182,0.00850359297256624
"rs2280843","G","A","G","A",-0.155892,0.0291,0.748084,0.768714,FALSE,FALSE,FALSE,"ebi-a-GCST90018894","9","131585069",0.0321,480018,0.3635,"Parkinson's disease || id:ebi-a-GCST90018894","Parkinson's disease","Parkinson's disease ||  || ",TRUE,"igd","eqtl-a-ENSG00000148346","9",131585069,0.0136472,3.21736e-30,14263,"ENSG00000148346 || id:eqtl-a-ENSG00000148346",TRUE,"reported","igd",130.484986587086,2,1,TRUE,-0.0366912634831758,0.00678577942319155
"rs2451279","G","A","G","A",-0.157732,0.0248,0.677503,0.731169,FALSE,FALSE,FALSE,"ebi-a-GCST90018894","6","159515077",0.0297,480018,0.4025,"Parkinson's disease || id:ebi-a-GCST90018894","Parkinson's disease","Parkinson's disease ||  || ",TRUE,"igd","eqtl-a-ENSG00000148346","6",159515077,0.0126635,1.30377e-35,14262,"ENSG00000148346 || id:eqtl-a-ENSG00000148346",TRUE,"reported","igd",155.142973435711,2,1,TRUE,-0.0401411993855809,0.00607564599369464
"rs2523696","T","C","T","C",-0.0576664,0.0027,0.340035,0.298766,FALSE,FALSE,FALSE,"ebi-a-GCST90018894","6","31414731",0.0301,480018,0.9276,"Parkinson's disease || id:ebi-a-GCST90018894","Parkinson's disease","Parkinson's disease ||  || ",TRUE,"igd","eqtl-a-ENSG00000148346","6",31414731,0.0125545,4.36084e-06,13566,"ENSG00000148346 || id:eqtl-a-ENSG00000148346",TRUE,"reported","igd",21.098269628517,2,1,TRUE,-0.015113915384346,0.000681203761616128
"rs2596500","C","A","C","A",-0.101601,-0.0279,0.110278,0.0953367,FALSE,FALSE,FALSE,"ebi-a-GCST90018894","6","31321267",0.0452,480018,0.538,"Parkinson's disease || id:ebi-a-GCST90018894","Parkinson's disease","Parkinson's disease ||  || ",TRUE,"igd","eqtl-a-ENSG00000148346","6",31321267,0.0189816,8.66044e-08,13566,"ENSG00000148346 || id:eqtl-a-ENSG00000148346",TRUE,"reported","igd",28.6503762998267,2,1,TRUE,-0.0178174354334079,-0.00453768264871618
"rs2596565","A","G","A","G",-0.100933,-0.0327,0.110749,0.129785,FALSE,FALSE,FALSE,"ebi-a-GCST90018894","6","31353329",0.0453,480018,0.4711,"Parkinson's disease || id:ebi-a-GCST90018894","Parkinson's disease","Parkinson's disease ||  || ",TRUE,"igd","eqtl-a-ENSG00000148346","6",31353329,0.0189464,9.963e-08,13566,"ENSG00000148346 || id:eqtl-a-ENSG00000148346",TRUE,"reported","igd",28.3800371578157,2,1,TRUE,-0.0177312804047127,-0.00608785844576333
"rs3094011","C","T","C","T",-0.107372,-0.0275,0.109292,0.0981913,FALSE,FALSE,FALSE,"ebi-a-GCST90018894","6","31451836",0.0446,480018,0.5376,"Parkinson's disease || id:ebi-a-GCST90018894","Parkinson's disease","Parkinson's disease ||  || ",TRUE,"igd","eqtl-a-ENSG00000148346","6",31451836,0.0190544,1.7486e-08,13566,"ENSG00000148346 || id:eqtl-a-ENSG00000148346",TRUE,"reported","igd",31.7534947083567,2,1,TRUE,-0.0187720906317478,-0.00453149398521717
"rs3094013","A","G","A","G",-0.0898557,-0.0206,0.107688,0.129145,FALSE,FALSE,FALSE,"ebi-a-GCST90018894","6","31434366",0.0454,480018,0.649,"Parkinson's disease || id:ebi-a-GCST90018894","Parkinson's disease","Parkinson's disease ||  || ",TRUE,"igd","eqtl-a-ENSG00000148346","6",31434366,0.0191852,2.81598e-06,10799,"ENSG00000148346 || id:eqtl-a-ENSG00000148346",TRUE,"reported","igd",21.9360588068489,2,1,TRUE,-0.0155688271590844,-0.00382039239519687
"rs3117582","G","T","G","T",-0.096616,-0.0088,0.09753,0.122543,FALSE,FALSE,FALSE,"ebi-a-GCST90018894","6","31620520",0.0463,480018,0.8497,"Parkinson's disease || id:ebi-a-GCST90018894","Parkinson's disease","Parkinson's disease ||  || ",TRUE,"igd","eqtl-a-ENSG00000148346","6",31620520,0.0200448,1.43559e-06,13565,"ENSG00000148346 || id:eqtl-a-ENSG00000148346",TRUE,"reported","igd",23.2324307790651,2,1,TRUE,-0.0160439087851489,-0.00159303796192667
"rs3130356","C","T","C","T",-0.0922796,-0.0084,0.096984,0.120345,FALSE,FALSE,FALSE,"ebi-a-GCST90018894","6","30336663",0.0466,480018,0.8573,"Parkinson's disease || id:ebi-a-GCST90018894","Parkinson's disease","Parkinson's disease ||  || ",TRUE,"igd","eqtl-a-ENSG00000148346","6",30336663,0.0200966,4.3944e-06,12790,"ENSG00000148346 || id:eqtl-a-ENSG00000148346",TRUE,"reported","igd",21.0846419179696,2,1,TRUE,-0.0152757167968827,-0.00150873433359486
"rs3130544","A","C","A","C",-0.0874233,-0.0219,0.111562,0.135653,FALSE,FALSE,FALSE,"ebi-a-GCST90018894","6","31058340",0.0447,480018,0.625,"Parkinson's disease || id:ebi-a-GCST90018894","Parkinson's disease","Parkinson's disease ||  || ",TRUE,"igd","eqtl-a-ENSG00000148346","6",31058340,0.0188905,3.69207e-06,13566,"ENSG00000148346 || id:eqtl-a-ENSG00000148346",TRUE,"reported","igd",21.4174363858025,2,1,TRUE,-0.0153762580015394,-0.00414753035937233
"rs3131379","A","G","A","G",-0.0964325,-0.0056,0.10444,0.122411,FALSE,FALSE,FALSE,"ebi-a-GCST90018894","6","31721033",0.0463,480018,0.904,"Parkinson's disease || id:ebi-a-GCST90018894","Parkinson's disease","Parkinson's disease ||  || ",TRUE,"igd","eqtl-a-ENSG00000148346","6",31721033,0.019444,7.06383e-07,13566,"ENSG00000148346 || id:eqtl-a-ENSG00000148346",TRUE,"reported","igd",24.596631067631,2,1,TRUE,-0.016502516956747,-0.00101279435730475
"rs34305034","T","C","T","C",0.21506,-0.0471,0.110499,0.112473,FALSE,FALSE,FALSE,"ebi-a-GCST90018894","9","131654547",0.0422,480018,0.2641,"Parkinson's disease || id:ebi-a-GCST90018894","Parkinson's disease","Parkinson's disease ||  || ",TRUE,"igd","eqtl-a-ENSG00000148346","9",131654547,0.0188977,5.26017e-30,11481,"ENSG00000148346 || id:eqtl-a-ENSG00000148346",TRUE,"reported","igd",129.509427128271,2,1,TRUE,0.0358719371429825,-0.00826364659548526
"rs35782171","T","C","T","C",0.205365,-0.0262,0.0274524,0.0367108,FALSE,FALSE,FALSE,"ebi-a-GCST90018894","9","131391202",0.0814,480018,0.7473,"Parkinson's disease || id:ebi-a-GCST90018894","Parkinson's disease","Parkinson's disease ||  || ",TRUE,"igd","eqtl-a-ENSG00000148346","9",131391202,0.0363839,1.6576e-08,9682,"ENSG00000148346 || id:eqtl-a-ENSG00000148346",TRUE,"reported","igd",31.8591628837242,2,1,TRUE,0.0177657120866307,-0.00272949970738433
"rs35914442","G","A","G","A",-0.122526,0.0642,0.095878,0.123632,FALSE,FALSE,FALSE,"ebi-a-GCST90018894","8","61636887",0.041,480018,0.1174,"Parkinson's disease || id:ebi-a-GCST90018894","Parkinson's disease","Parkinson's disease ||  || ",TRUE,"igd","eqtl-a-ENSG00000148346","8",61636887,0.0201886,1.28549e-09,14263,"ENSG00000148346 || id:eqtl-a-ENSG00000148346",TRUE,"reported","igd",36.8335946707862,2,1,TRUE,-0.0202724972748088,0.0115364468701972
"rs3735485","G","A","G","A",-0.111975,-0.0432,0.837214,0.876907,FALSE,FALSE,FALSE,"ebi-a-GCST90018894","7","45009341",0.0393,480018,0.271,"Parkinson's disease || id:ebi-a-GCST90018894","Parkinson's disease","Parkinson's disease ||  || ",TRUE,"igd","eqtl-a-ENSG00000148346","7",45009341,0.0160944,3.46577e-12,14263,"ENSG00000148346 || id:eqtl-a-ENSG00000148346",TRUE,"reported","igd",48.4052603817873,2,1,TRUE,-0.0224352911142172,-0.0077735789993777
"rs3750329","T","C","T","C",0.239532,-0.0175,0.114651,0.111747,FALSE,FALSE,FALSE,"ebi-a-GCST90018894","9","131497832",0.042,480018,0.677801,"Parkinson's disease || id:ebi-a-GCST90018894","Parkinson's disease","Parkinson's disease ||  || ",TRUE,"igd","eqtl-a-ENSG00000148346","9",131497832,0.0185718,4.64301e-38,11482,"ENSG00000148346 || id:eqtl-a-ENSG00000148346",TRUE,"reported","igd",166.348575113296,2,1,TRUE,0.0404434124900473,-0.00304795980868068
"rs389884","G","A","G","A",-0.0936247,-0.0071,0.103295,0.121662,FALSE,FALSE,FALSE,"ebi-a-GCST90018894","6","31940897",0.0464,480018,0.8785,"Parkinson's disease || id:ebi-a-GCST90018894","Parkinson's disease","Parkinson's disease ||  || ",TRUE,"igd","eqtl-a-ENSG00000148346","6",31940897,0.0195402,1.65459e-06,13566,"ENSG00000148346 || id:eqtl-a-ENSG00000148346",TRUE,"reported","igd",22.9574088740728,2,1,TRUE,-0.0159381548997818,-0.00128098212128817
"rs4424365","G","A","G","A",-0.107571,0.0572,0.705784,0.732769,FALSE,FALSE,FALSE,"ebi-a-GCST90018894","9","131636086",0.0302,480018,0.0581099,"Parkinson's disease || id:ebi-a-GCST90018894","Parkinson's disease","Parkinson's disease ||  || ",TRUE,"igd","eqtl-a-ENSG00000148346","9",131636086,0.0130296,1.50904e-16,13925,"ENSG00000148346 || id:eqtl-a-ENSG00000148346",TRUE,"reported","igd",68.1597902222671,2,1,TRUE,-0.0267704635121847,0.0140271505645701
"rs558702","A","G","A","G",-0.092565,-0.0089,0.103724,0.121721,FALSE,FALSE,FALSE,"ebi-a-GCST90018894","6","31870326",0.0464,480018,0.8484,"Parkinson's disease || id:ebi-a-GCST90018894","Parkinson's disease","Parkinson's disease ||  || ",TRUE,"igd","eqtl-a-ENSG00000148346","6",31870326,0.0195046,2.07482e-06,13481,"ENSG00000148346 || id:eqtl-a-ENSG00000148346",TRUE,"reported","igd",22.5226513734761,2,1,TRUE,-0.0157839003424915,-0.00160650865017136
"rs6478851","A","G","A","G",0.162754,-0.0252,0.241084,0.212514,FALSE,FALSE,FALSE,"ebi-a-GCST90018894","9","131561110",0.0328,480018,0.4425,"Parkinson's disease || id:ebi-a-GCST90018894","Parkinson's disease","Parkinson's disease ||  || ",TRUE,"igd","eqtl-a-ENSG00000148346","9",131561110,0.0138468,6.7515e-32,14263,"ENSG00000148346 || id:eqtl-a-ENSG00000148346",TRUE,"reported","igd",138.154330702463,2,1,TRUE,0.0376878801054163,-0.00569994460203654
"rs7026432","T","C","T","C",-0.106737,-0.0066,0.578675,0.514339,FALSE,FALSE,FALSE,"ebi-a-GCST90018894","9","131538159",0.0276,480018,0.8109,"Parkinson's disease || id:ebi-a-GCST90018894","Parkinson's disease","Parkinson's disease ||  || ",TRUE,"igd","eqtl-a-ENSG00000148346","9",131538159,0.0120201,6.69885e-19,14257,"ENSG00000148346 || id:eqtl-a-ENSG00000148346",TRUE,"reported","igd",78.8522014579083,2,1,TRUE,-0.0289407171907877,-0.00181856360864134
"rs73620883","A","G","A","G",0.21867,-0.0279,0.125038,0.117089,FALSE,FALSE,FALSE,"ebi-a-GCST90018894","9","131575063",0.0415,480018,0.5015,"Parkinson's disease || id:ebi-a-GCST90018894","Parkinson's disease","Parkinson's disease ||  || ",TRUE,"igd","eqtl-a-ENSG00000148346","9",131575063,0.0178997,2.54742e-34,11403,"ENSG00000148346 || id:eqtl-a-ENSG00000148346",TRUE,"reported","igd",149.240572174132,2,1,TRUE,0.038504227060176,-0.00496673676403706
"rs74327448","G","A","G","A",0.211399,-0.0254,0.0235688,0.0377698,FALSE,FALSE,FALSE,"ebi-a-GCST90018894","9","131454778",0.0706,480018,0.719201,"Parkinson's disease || id:ebi-a-GCST90018894","Parkinson's disease","Parkinson's disease ||  || ",TRUE,"igd","eqtl-a-ENSG00000148346","9",131454778,0.0391929,6.90605e-08,10845,"ENSG00000148346 || id:eqtl-a-ENSG00000148346",TRUE,"reported","igd",29.093170916462,2,1,TRUE,0.0169522429302043,-0.00268215675135897
"rs7750641","T","C","T","C",-0.0950879,-0.0132,0.10948,0.136655,FALSE,FALSE,FALSE,"ebi-a-GCST90018894","6","31129310",0.0446,480018,0.7678,"Parkinson's disease || id:ebi-a-GCST90018894","Parkinson's disease","Parkinson's disease ||  || ",TRUE,"igd","eqtl-a-ENSG00000148346","6",31129310,0.0190446,5.94484e-07,13566,"ENSG00000148346 || id:eqtl-a-ENSG00000148346",TRUE,"reported","igd",24.9291115792628,2,1,TRUE,-0.0166069219164923,-0.00250448867591684
"rs7846314","T","A","T","A",-0.138148,0.0434,0.178349,0.186581,FALSE,TRUE,FALSE,"ebi-a-GCST90018894","8","61650831",0.0336,480018,0.1963,"Parkinson's disease || id:ebi-a-GCST90018894","Parkinson's disease","Parkinson's disease ||  || ",TRUE,"igd","eqtl-a-ENSG00000148346","8",61650831,0.0155041,5.08511e-19,14263,"ENSG00000148346 || id:eqtl-a-ENSG00000148346",TRUE,"reported","igd",79.3955354705629,2,1,TRUE,-0.0296502470513027,0.00927015497109374
"rs7868733","T","C","T","C",0.125658,0.0332,0.13853,0.166389,FALSE,FALSE,FALSE,"ebi-a-GCST90018894","9","131428511",0.0541,480018,0.5396,"Parkinson's disease || id:ebi-a-GCST90018894","Parkinson's disease","Parkinson's disease ||  || ",TRUE,"igd","eqtl-a-ENSG00000148346","9",131428511,0.0171962,2.72772e-13,9682,"ENSG00000148346 || id:eqtl-a-ENSG00000148346",TRUE,"reported","igd",53.3968098429311,2,1,TRUE,0.0234841457026838,0.00678648537753758
"rs79820863","A","G","A","G",0.120319,-0.0375,0.0557907,0.0718341,FALSE,FALSE,FALSE,"ebi-a-GCST90018894","9","131726703",0.0601,480018,0.5325,"Parkinson's disease || id:ebi-a-GCST90018894","Parkinson's disease","Parkinson's disease ||  || ",TRUE,"igd","eqtl-a-ENSG00000148346","9",131726703,0.0259118,3.4272e-06,10332,"ENSG00000148346 || id:eqtl-a-ENSG00000148346",TRUE,"reported","igd",21.5612165602867,2,1,TRUE,0.0148937810860781,-0.00537256994811848
"rs9031","T","C","T","C",-0.0788787,0.0539,0.735409,0.706547,FALSE,FALSE,FALSE,"ebi-a-GCST90018894","9","131679892",0.03,480018,0.0728299,"Parkinson's disease || id:ebi-a-GCST90018894","Parkinson's disease","Parkinson's disease ||  || ",TRUE,"igd","eqtl-a-ENSG00000148346","9",131679892,0.0134762,4.82203e-09,14263,"ENSG00000148346 || id:eqtl-a-ENSG00000148346",TRUE,"reported","igd",34.259781856792,2,1,TRUE,-0.0190349566492146,0.0135895070418404
"rs9267488","G","A","G","A",-0.103726,-0.0259,0.10306,0.0953538,FALSE,FALSE,FALSE,"ebi-a-GCST90018894","6","31514247",0.0452,480018,0.5667,"Parkinson's disease || id:ebi-a-GCST90018894","Parkinson's disease","Parkinson's disease ||  || ",TRUE,"igd","eqtl-a-ENSG00000148346","6",31514247,0.0195562,1.1317e-07,13566,"ENSG00000148346 || id:eqtl-a-ENSG00000148346",TRUE,"reported","igd",28.1323700013892,2,1,TRUE,-0.0176667483061503,-0.0042113947413021
"rs9267531","G","A","G","A",-0.0993689,-0.0091,0.104815,0.122558,FALSE,FALSE,FALSE,"ebi-a-GCST90018894","6","31636742",0.0463,480018,0.8443,"Parkinson's disease || id:ebi-a-GCST90018894","Parkinson's disease","Parkinson's disease ||  || ",TRUE,"igd","eqtl-a-ENSG00000148346","6",31636742,0.0194122,3.07157e-07,13566,"ENSG00000148346 || id:eqtl-a-ENSG00000148346",TRUE,"reported","igd",26.2030261523332,2,1,TRUE,-0.017039148481694,-0.00164750609021798
"rs9697210","A","G","A","G",0.233736,-0.0355,0.119593,0.134756,FALSE,FALSE,FALSE,"ebi-a-GCST90018894","9","131468740",0.0423,480018,0.4008,"Parkinson's disease || id:ebi-a-GCST90018894","Parkinson's disease","Parkinson's disease ||  || ",TRUE,"igd","eqtl-a-ENSG00000148346","9",131468740,0.0182363,1.31704e-37,11496,"ENSG00000148346 || id:eqtl-a-ENSG00000148346",TRUE,"reported","igd",164.277376663478,2,1,TRUE,0.0402525838494436,-0.00671750893888894
